[{"model": "api.product", "pk": 1, "fields": {"name": "Fully-configurable radical architecture", "price": 1264.28, "creation_date": "2024-04-17"}}, {"model": "api.product", "pk": 2, "fields": {"name": "Optimized background migration", "price": 2330.81, "creation_date": "2024-05-22"}}, {"model": "api.product", "pk": 3, "fields": {"name": "Face-to-face multi-tasking knowledgebase", "price": 4036.94, "creation_date": "2024-05-15"}}, {"model": "api.product", "pk": 4, "fields": {"name": "Inverse background firmware", "price": 4259.71, "creation_date": "2024-04-28"}}, {"model": "api.product", "pk": 5, "fields": {"name": "Profound demand-driven process improvement", "price": 4567.39, "creation_date": "2024-03-30"}}, {"model": "api.product", "pk": 6, "fields": {"name": "User-friendly maximized process improvement", "price": 1109.26, "creation_date": "2024-04-18"}}, {"model": "api.product", "pk": 7, "fields": {"name": "Future-proofed human-resource Internet solution", "price": 663.53, "creation_date": "2024-05-01"}}, {"model": "api.product", "pk": 8, "fields": {"name": "Optimized 24hour infrastructure", "price": 2156.59, "creation_date": "2024-05-08"}}, {"model": "api.product", "pk": 9, "fields": {"name": "User-friendly bi-directional capacity", "price": 1199.02, "creation_date": "2024-04-07"}}, {"model": "api.product", "pk": 10, "fields": {"name": "Re-engineered content-based knowledgebase", "price": 2297.08, "creation_date": "2024-05-18"}}, {"model": "api.product", "pk": 11, "fields": {"name": "Ergonomic didactic customer loyalty", "price": 1137.98, "creation_date": "2024-04-20"}}, {"model": "api.product", "pk": 12, "fields": {"name": "Compatible intermediate data-warehouse", "price": 3205.96, "creation_date": "2024-05-05"}}, {"model": "api.product", "pk": 13, "fields": {"name": "Public-key analyzing product", "price": 441.6, "creation_date": "2024-05-14"}}, {"model": "api.product", "pk": 14, "fields": {"name": "Public-key 4thgeneration orchestration", "price": 1291.37, "creation_date": "2024-05-14"}}, {"model": "api.product", "pk": 15, "fields": {"name": "Profound mission-critical neural-net", "price": 1763.09, "creation_date": "2024-04-27"}}, {"model": "api.product", "pk": 16, "fields": {"name": "Customizable human-resource software", "price": 3007.07, "creation_date": "2024-05-13"}}, {"model": "api.product", "pk": 17, "fields": {"name": "Triple-buffered composite strategy", "price": 3785.79, "creation_date": "2024-04-24"}}, {"model": "api.product", "pk": 18, "fields": {"name": "Open-source scalable parallelism", "price": 2613.34, "creation_date": "2024-05-19"}}, {"model": "api.product", "pk": 19, "fields": {"name": "Business-focused reciprocal website", "price": 444.94, "creation_date": "2024-04-26"}}, {"model": "api.product", "pk": 20, "fields": {"name": "User-friendly transitional conglomeration", "price": 4648.6, "creation_date": "2024-05-08"}}, {"model": "api.product", "pk": 21, "fields": {"name": "Profound zero tolerance migration", "price": 3131.02, "creation_date": "2024-05-21"}}, {"model": "api.product", "pk": 22, "fields": {"name": "Business-focused real-time customer loyalty", "price": 2306.78, "creation_date": "2024-04-23"}}, {"model": "api.product", "pk": 23, "fields": {"name": "Adaptive well-modulated productivity", "price": 1454.32, "creation_date": "2024-05-02"}}, {"model": "api.product", "pk": 24, "fields": {"name": "Implemented asynchronous definition", "price": 1203.23, "creation_date": "2024-05-02"}}, {"model": "api.product", "pk": 25, "fields": {"name": "Virtual user-facing intranet", "price": 2018.17, "creation_date": "2024-05-20"}}, {"model": "api.product", "pk": 26, "fields": {"name": "Intuitive asymmetric model", "price": 732.85, "creation_date": "2024-05-18"}}, {"model": "api.product", "pk": 27, "fields": {"name": "Phased even-keeled flexibility", "price": 4637.1, "creation_date": "2024-04-28"}}, {"model": "api.product", "pk": 28, "fields": {"name": "Realigned fresh-thinking Graphic Interface", "price": 4370.67, "creation_date": "2024-05-15"}}, {"model": "api.product", "pk": 29, "fields": {"name": "Robust zero administration instruction set", "price": 4581.02, "creation_date": "2024-04-05"}}, {"model": "api.product", "pk": 30, "fields": {"name": "Optimized client-server neural-net", "price": 1456.37, "creation_date": "2024-05-21"}}, {"model": "api.order", "pk": 1, "fields": {"product": 1, "status": "NEW", "creation_date": "2024-03-31"}}, {"model": "api.order", "pk": 2, "fields": {"product": 2, "status": "PAID", "creation_date": "2024-05-04"}}, {"model": "api.order", "pk": 3, "fields": {"product": 3, "status": "PROCESSED", "creation_date": "2024-04-23"}}, {"model": "api.order", "pk": 4, "fields": {"product": 4, "status": "NEW", "creation_date": "2024-05-17"}}, {"model": "api.order", "pk": 5, "fields": {"product": 5, "status": "NEW", "creation_date": "2024-05-07"}}, {"model": "api.order", "pk": 6, "fields": {"product": 6, "status": "PROCESSED", "creation_date": "2024-05-03"}}, {"model": "api.order", "pk": 7, "fields": {"product": 7, "status": "PROCESSED", "creation_date": "2024-05-15"}}, {"model": "api.order", "pk": 8, "fields": {"product": 8, "status": "PAID", "creation_date": "2024-04-25"}}, {"model": "api.order", "pk": 9, "fields": {"product": 9, "status": "PROCESSED", "creation_date": "2024-05-15"}}, {"model": "api.order", "pk": 10, "fields": {"product": 10, "status": "PAID", "creation_date": "2024-04-14"}}, {"model": "api.order", "pk": 11, "fields": {"product": 11, "status": "NEW", "creation_date": "2024-05-12"}}, {"model": "api.order", "pk": 12, "fields": {"product": 12, "status": "PAID", "creation_date": "2024-04-21"}}, {"model": "api.order", "pk": 13, "fields": {"product": 13, "status": "PROCESSED", "creation_date": "2024-04-04"}}, {"model": "api.order", "pk": 14, "fields": {"product": 14, "status": "NEW", "creation_date": "2024-04-07"}}, {"model": "api.order", "pk": 15, "fields": {"product": 15, "status": "PAID", "creation_date": "2024-04-16"}}, {"model": "api.order", "pk": 16, "fields": {"product": 20, "status": "PAID", "creation_date": "2024-05-25"}}, {"model": "api.invoice", "pk": 1, "fields": {"order": 2, "creation_date": "2024-04-30"}}, {"model": "api.invoice", "pk": 2, "fields": {"order": 8, "creation_date": "2024-04-16"}}, {"model": "api.invoice", "pk": 3, "fields": {"order": 10, "creation_date": "2024-04-09"}}, {"model": "api.invoice", "pk": 4, "fields": {"order": 12, "creation_date": "2024-05-07"}}, {"model": "api.invoice", "pk": 5, "fields": {"order": 15, "creation_date": "2024-04-10"}}]